Participant ID,Programming Experience Questions 1- very inexperienced,,,,Fr1x1 (1 Point),,,,,,,Fr1x2 (1 Point),,,,,,,Fr1x3 (1 Point),,,,,,,Fr2x1 (1 Point),,,,,,,Fr2x2 (1 Point),,,,,,,Fr2x3 (1 Point),,,,,,,Fr3x1 (1 Point),,,,,,,Fr3x2 (1 Point),,,,,,,Fr4x1 (1 Point),,,,,,,Fr5x1 (1 Point),,,,,,,Fr5x2 (2 Pointe),,,,,,Fr5x3 (2 Pointe),,,,,,other comments,Pointe (von 14),,
,programming experience,logical programming paradigm,python,other languages,Response correct/wrong,Justification,Response time ,Task was clear,difficulty level ,time,technical problems,Response correct/wrong,Justification,Response time ,Task was clear,difficulty level ,time,technical problems,Response correct/wrong,Justification,Response time,Task was clear,difficulty level ,time,technical problems,Response correct/wrong,Justification,Response time ,Task was clear,difficulty level ,time,technical problems,Response correct/wrong,Justification,Response time ,Task was clear,difficulty level ,time,technical problems,Response correct/wrong,Justification,Response time ,Task was clear,difficulty level ,time,technical problems,Response correct/wrong,Justification,Response time ,Task was clear,difficulty level ,time,technical problems,Response correct/wrong,Justification,Response time ,Task was clear,difficulty level ,time,technical problems,Response correct/wrong,Justification,Response time ,Task was clear,difficulty level ,time,technical problems,Response correct/wrong,Justification,Response time ,Task was clear,difficulty level ,time,technical problems,Response correct/wrong,Response time ,Task was clear,difficulty level ,time,technical problems,Response correct/wrong,Response time ,Task was clear,difficulty level ,time,technical problems,,ohne Begründung,mit Begründung,
1,3,3,4,,a) - correct ,,177.79,4,3,3,no,,"No error message , output is 30. Final value is 30. 
This is does not return 0 
Doest not return none.",307.65,3,3,3,no,2 - correct,,17.72,3,3,2,no,c) faslch,,105.15,3,3,4,no,,,234.54,1,1,1,"I am facing some problem 
while solve this code. why you mentioned input, output sepearte and why you mentioned double click the image and i don't understand the below number.",a) & b) - wrong,,88.44,3,3,3,no,"The code appears to be 
#implementing a variation of the Euclidean Algorithm to find the Greatest Common Divisor (GCD) of two numbers.","The code appears to be 
implementing a variation of the Euclidean Algorithm to find the Greatest Common Divisor (GCD) of two numbers.",97.94,3,3,3,no,c) - wrong,,85.04,3,3,3,no,,,174.08,3,3,1,no,No - correct,,96.79,2,2,1,Insufficient time,,103.95,3,3,1,Insufficient time,,5.59,1,1,1,Insufficient time,"Last some tasks i do't have sufficient time 
to finish it.",3,0,
2,3,3,3,"C, Python",a) & b) wrong,"Because it is taking the reminder
 of selected input",105.78,2,2,3,"Simulating everything in
 myself",a) wrong,"Because there are some 
error",166.22,2,3,3,no,1 - wrong,"Flowchart 1 is providing 
correct answer",96.15,2,2,3,no,b) wrong,It is going as it is,140.27,3,4,3,no,C B D A,,159.08,2,2,2,no,a) & b) - wrong,,74.1,2,3,2,no,"sort_list is a good name for 
the method. It clearly describes what the method does, which is to sort a list of numbers. The method uses a bubble sort algorithm to sort the list in place.",,225.26,2,3,2,no,b) - correct,"The test that uncovers an 
issue in the source code is the one that tests the case where the input list is already sorted. In this case, the method should return the list unchanged, but it does not. This is because the method uses a bubble sort algorithm, which is not efficient for already sorted lists.",77.86,3,2,2,no,"Snippet 1 & Snippet 2 
- correct",,133.23,2,1,2,no,No - correct,"No, the code does not fulfill this 
function. The code calculates the difference between each pair of consecutive numbers, but it does not keep track of the largest difference. Instead, it returns the last difference calculated.",64.25,2,3,2,no,,36.91,3,3,3,no,,3.96,3,1,1,no,no,3,0,
3,2,3,2,"C#, C++",,"In the code there is a line which checks if the input is even, and also a l8ne to check if it is odd, the output is totally odd digits.",541.83,3,3,3,I couldn't get the purpose of the code exactly.,a) wrong ,"In that case there would 
be no input to calculate what the code wants.",141.85,3,3,3,"Didn't exactly know what
 would happen if the condition in the question was happen.",2 - correct,"The yes-no condition in 
flowchart 1 is not correct.",25.28,3,3,3,no,b) wrong,No idea.,129.55,3,2,2,"It was hard to solve as
 it was just a few minutes left",B A C D,No idea.,93.56,3,2,2,A bit hard to understand.,,,97.17,3,3,3,yes,,,6.15,3,3,3,no,b) - correct,,8.97,3,3,3,no,,,5.54,3,3,3,yes,,,4.42,3,3,3,yes,,4.3,3,3,3,no,,5.09,3,3,3,yes,,2,1,
4,3,3,2,"C, C++, Java",c) wrong,"Function is to multiply the even numbers and subtract one from 
odd numbers and the result array holds the new value. The next function adds the values and keep the sum of all new values.",508.28,4,3,3,no,b) correct ,"Since the length of the 
input array is zero it is likely to return 0 as per the code.",135.53,4,4,4,no,2 - correct,"The function says if i % 2 == 0, then the input value should be multiplies by 2. This means if its an even number it has to be doubled else if an odd number it has to be subtracted by 1. So the flow chart 2 is showing the right flow.",14.83,4,4,4,no,c) wrong,"since the numbers till 8 come in
 even odd pattern as per the function the i iterates 5 times  and the result would be like wise.",358.27,4,4,4,no,A B ,,238.08,0,0,0,no,,,7.72,0,0,0,no,,,4.91,0,0,0,no,,,7.12,0,0,0,no,,,26.92,0,0,0,no,,,15.86,0,0,0,no,,4.38,0,0,0,no,,5.56,0,0,0,no,,2,2,
5,3,2,2,C,c) wrong,,171.05,4,3,3,no,b) correct ,result[0]* 0  returns 0,391.68,4,3,3,no,2 - correct,"in the flow chart if  and else
 are properly assigned according to the flow of the program",12.32,4,4,4,no,c) wrong,"if the number is odd it appends 
B and if its even it appends A. C is appended after each",438.74,4,4,4,no,,"A is appended for odd 
and B is appended for even",356,3,3,3,no,b) & c) - wrong,,28.36,3,3,3,no,"the method operates on 
pairs of adjacent elements within the input list and performs a subtraction operation between them.",,69.72,3,3,3,no,b) - correct,,92.05,3,3,3,no,,,3.27,3,3,3,no,,,5.97,3,3,3,no,,8.48,0,0,0,no,,3.51,0,0,0,no,,3,0,
6,3,2,1,"Angular , C-sharp",a) - correct ,,103.4,3,2,3,no,b) correct ,"For an empty input list, the code correctly handles the edge case and returns a sum of 0 without any errors.",531.78,3,3,2,no,2 - correct,,6.58,2,2,2,no,a) - correct ,"The generate_string function takes a list of numbers as input.
It initializes an empty string result.
It iterates through the list of numbers.
For each number, it checks if the number is even or odd.
If the number is even, it appends ""A"" to the result string.
If the number is odd, it appends ""B"" to the result string.
After iterating through all the numbers, it appends ""C"" to the result string and returns it.#",6.08,3,2,1,no,A B D C - wrong,"the code  iterates through the list of numbers.
For each number, it checks if the number is even or odd.
If the number is even, it appends ""A"" to the result string.
If the number is odd, it appends ""B"" to the result string.
After iterating through all the numbers, it appends ""C"" to the result string.",153.31,3,2,1,no,a) & b) - wrong,,45.96,3,2,1,no,balance_elements,This name reflects the fact that the function is balancing the elements of the list by adjusting their values.,141.49,2,2,2,no,b) - correct,"This input will cause the function to divide by zero, which is an error. The other two inputs will not cause any errors.",67.21,2,1,2,no,Snippet 1 ,"The function replace_negatives_v1 takes a list lst as input.It iterates through each element in the list.If an element is negative, it is replaced with 0.
The function returns the modified list.",93.56,3,2,1,no,No - correct,"Because it has several issues like 
incorrect calculation of difference and the unneccessary loop",75.18,3,2,2,no,"The code  is not very efficient 
or readable because calculates the difference between consecutive numbers multiple times. This is unnecessary and can be avoided by calculating the difference only once. The variable names m and temp_d are not very descriptive and make the code harder to understand.",99.48,3,2,1,no,"def max_difference(numbers):
    max_diff = 0

    for i in range(len(numbers) - 1):
        diff = numbers[i + 1] - numbers[i]
        if diff > max_diff:
            max_diff = diff

    return max_diff for example with this modification the code is more readable",184.65,3,2,1,no,no,10,2,
7,3,3,3,"Java, C",a) - correct ,"The calculation is finally made on 
the modified list and not on the input list. The input list is intact.",147.96,4,3,4,no,a) - wrong,"Since there are no elements to 
be processed, it returns an error message",93.35,4,3,4,no,2 - correct,"In flowchart 2, the element 
at even indices are multiplied by 2, which is found to be correct and in Flowchart 1, the element at even indices are subtracted by 1, which is incorrect as per the code.",268.81,4,4,4,no,,,88.32,0,0,0,no,,,165.53,0,0,0,no,,,85.81,0,0,0,no,,,245.46,0,0,0,no,c) - wrong,The initial ements are same,211.12,3,3,3,no,,,74.4,0,0,1,no,No - correct,,138.22,3,3,2,no,"The code can be made little more
 simpler",140.52,3,3,2,no,,72.65,3,3,1,no,,3,2,
8,2,2,2,C# ,a) & c) - wrong,,518.05,3,3,3,no,,,316.4,3,3,3,no,,,166.59,3,3,3,no,c) wrong,"The for loop will run 5 times and 
according to given logic the sequence in option three is correct",6.51,4,3,3,no,B,,5.68,1,3,3,no,b) & c) - wrong,Both B and C seemed correct,4.52,3,3,3,no,Subtractor,"We are running a loop to subtract the last 
element or we are substrting from it idk what is happening here in the code and i dont want waste any more time on it",428.94,2,2,3,no,b) - correct,"If we try to substract the value first element 
remains the same because we are subtracting zero from it",115.75,3,3,3,no,Snippet 1,"That seems a logically correct 
code to replace negative on the number kn the same index with zero",34.37,3,3,3,no,yes - wrong,We will never get the last element,57.44,3,3,3,no,Issue is with the logic i guess,47.23,3,3,3,no,By adding comments,18.48,3,3,3,no,"I think the given time was not sufficient 
and we were not informed about the experiment being on python programming. It would have been better if we had idea.",2,0,
9,2,3,4,"i would consider 
html,css, javacript",a) - correct ,,182.48,3,3,1,no,b) - correct ,,6.41,3,3,3,no,2 - correct,,6.85,3,3,3,no,c) wrong,it results numbers = generated strings,59.12,3,4,4,no,D A C B - wrong,"i am arranging in a 
alphabetical order.",248.03,3,3,1,no,a) & d) - wrong,"it will process the all the input 
lists, and it handles correctly fewer than three elements because it allows only two strings",54.76,3,3,1,no,0,"if you justify the equation, it 
returns 0",507.21,3,1,3,no,c) - wrong,"input v= [1,13,1] because it will return v with 
I= i+1",113.25,3,3,1,no,,,8.28,0,3,1,no,No - correct,here it is matching the m=d and m>d,43.55,3,3,1,no,,24.18,3,3,1,no,,17.56,3,3,1,no,,4,0,
10,2,2,1,"C# .Net, Java",,,6.64,0,0,0,no,,,7.51,0,0,0,no,,,9.49,1,1,1,no,b) wrong,"[i] % 2 gives the reminder so if the 
number is a even number the result will always be == 0 and not != 0. As 1st number is 4 which is divisible by 2 the string starts with B in all cases and then it checks for the next number in the array which is not divisible by 2 completely hence the != 0 condition should work ideally but since we need to consider i < 6 and 2nd number '7' is greater than 6 the next string would be C, followed by 2 (completely divisible hence ==0) which is B but in other options the next string is A hence option 2 is correct",81.58,2,3,4,no,A C D B - wrong,"The numbers completely 
divisible by 2 return B, in the sequence 1 and 3 only the first string was B hence the strings A and D were going on the 1st and 3rd position and string B and C were going on 2nd and 4th position.",260.95,2,2,3,no,c) wrong,"I feel that since we have 
defined i = 1, the function skips the first element which at 0 position and moves to position 1 which is the 2nd element of the string.",198.02,3,3,4,no,2 x2 Matrix,"I feel the while function 
resembles a 2 x 2 mathematical matrix",185.65,3,3,3,no,c) - wrong,"In the 3rd option, i = 1 and j = 1, which is not the 
case in the other two inputs hence while starting off the function the other functions start correctly while the 3rd doesn't.",170.65,3,3,3,no,,"The 2nd option is correct 
because it handles both the scenarios i. what needs to be done if it is < 0 and what needs to be done if it is not < 0",27.78,3,3,3,no,,,513.34,0,0,0,no,,52.81,0,0,0,no,,9.83,0,0,0,no,"It was a fun test but difficult for me since 
i have never worked on python and i am not very familiar with the syntax.",0,0,
11,2,3,4,python,,,2.97,,,,,,,2.97,,,,,,,3.27,,,,,b) wrong,i guess it ,49.36,4,3,4,no,,,301.07,,,,,,,90.26,,,,,,,72.3,,,,,,,207.13,,,,,,,8.06,,,,,,,162.86,,,,,,3.82,,,,,,2.34,,,,,,0,0,
12,3,3,3,"C++, HTML/CSS",a) - correct ,if the final value is equal to condition 0 then final value += value (incremented),130.97,3,3,3,no,b) - correct ,because the final value is 0,123.51,2,2,2,no,2 - correct ,,89.82,3,3,3,no ,b) wrong,Because for the first two iterations I is less than the length of the number value and after incrementation numbers [i] % 2 != 0 which means else condition will apply,624.53,3,3,2,no,A B C D - wrong,The following rankings are on the basis of numbers that results in correct output in terms of the order of the outputs.,440.57,2,2,2,no,a) - wrong,The function will process all the elements from index [0] to [6] in iterative manner checking the condition every time where I should be less then len(numbers) -1 and then I should be incremented and finally checked against if numbers[i] % 2 !=0 etc. ,194.05,3,3,3,no,,,3.29,1,1,1,no,,,3.14,2,2,2,no,,"The first snippet is correct because 
the condition checks if lst[i] &lt; 0 lst[i] = 0 So if the value of I is let´s say -2 which is less than 0 Then the value of I will be replaced as 0",143.04,3,3,3,no,,,30.04,2,2,2,no,,5.22,2,2,2,no,,2.24,1,1,1,no,,3,0,
13,5,4,1,"SAP ABAP, Javascript, Java",a) - correct ,,90.68,3,3,3,yes,,,14.25,3,3,2,yes,,,5.18,2,2,2,yes,b) wrong,result += add the current value and the new value and creates the concatenated string,597.71,3,3,3,python knowledge. I do not have python knowledge. I got few confusions in array numbering,D C A B - correct,,611.75,3,3,3,python knowledge required,c) - wrong,,137.4,2,2,3,yes,,,2.87,0,0,0,yes,,,3.03,0,0,0,yes,,"snippet 1 gives the correct 
answer",186.07,3,3,3,yes,,,4.42,0,0,0,yes,,3.83,0,0,0,yes,,2.65,0,0,0,no,should have basic python knowledge for the attendee,2,0,
14,3,2,2,2,a) - correct ,"Justification: The code iterates through the input list data. For each element: If the index i is even (i % 2 == 0), the element is multiplied by 2. If the index i is odd, 1 is subtracted from the element.",67.24,3,2,4,no,a) - wrong,,31.23,4,3,3,no,1 - wrong,,15.82,3,2,2,no,b) wrong,,33.78,3,2,3,no,A C D B - wrong,,11.17,3,2,3,no,c) - wrong,,4.48,4,3,2,no,Euclidean Algorithm for finding the GCD,"The code appears to be implementing the euclidean Algorithm for finding the Greatest Common Divider (GCD) of two numbers. Proposed Name: find_gcd(a,b) Explanation: find_gcd explicitly conveys the purpose of the function: to calculate GCD. Using  a and b as parameters makes it clear that the function expects two numbers as input",369.81,3,3,2,no,b) - correct,"This input causes an infinite loop. The while loop condition i &lt; j will always be true because i never changes. The else block, which would increment i, is never reached due to the if and elif conditions always being true",165.45,4,3,4,no,Snippet 1 & Snippet 3 - wrong,"Snippet 1 and Snippet 3 are identical. They both iterate through the list and replace only negative numbers and 0 unchanged. Snippet 2 creates a new list and copies elements from the original list, including positive numbers and 0. which is unnecessary and does not fulfill the requirement of leaving them unchanged in the original list.",514.09,4,3,3,no,no - correct ,"the inner loop for j in range(1): 
is redundant as it only iterates once. Additionally, the code incorrectly compares the differences (d) with 0. This would result in incorrect negative values being returned as the maximum difference. To calculate the largest difference. To calculate the largest difference correctly, you would need to keep track of the maximum difference found so far and compare it with the absolute difference between each pair of consecutive numbers.",217.53,3,2,2,no,"The code is inefficient due to the unnecessary inner loop and has readability issues due to the lack of comments and descriptive variable names. Additionally, it contains a logical error in handling negative differences.",87.46,2,3,3,no,"The code can be improved by: Removing the redundant inner loop, Calculating the absolute difference between numbers. Using descriptive variable names, Adding comments for better readability",177.35,4,2,3,no,,7,3,
15,3,3,3,"3, SQL, Python, Java",a) & c) - wrong,,138.94,3,1,2,more in depth technical information,a) & c) - wrong,,131.42,2,1,2,Lack of technical knowledge to understand the task,2 - correct,,82.84,2,1,1,no,a) - correct ,,51.09,1,2,1,technical knowledge,B C D A - wrong,,46.38,1,1,1,no,b) & c) - wrong,,6.26,1,1,1,yes,Method recursion,,321.87,2,2,3,no,b) & c) - wrong,Both cases j value will be less than i so it will not execute.,198.91,4,3,4,no,Snippet 1 & Snippet 2 - correct ,,124.96,1,2,4,no,no - correct ,it will not calculate the difference,186.05,1,1,3,to understand the task,,47.4,2,1,3,more in depth knowledge in python,Maybe block wise descriptopn would help better,74.22,4,2,3,no,no,4,0,
16,4,3,3,"C, C++ and .NET",b) - wrong,,124.52,4,4,4,no,a) - wrong,,89,4,4,3,no,2 - correct,,68.21,4,4,3,no,c) - wrong ,,74.77,3,3,3,no,,,49.58,3,3,3,no,b) - wrong,,7.64,4,4,4,no,,,212.59,2,3,3,Debugging of unnammed python methods are needed to comprehend the code better,c) - wrong ,"The code is intended to check the first and the last element of the list and subtract it based on the conditions given. If the first and the last elements are the same, then the code increases the value of i by 1 and pointer is shifted to the 2nd element of the list",453.54,2,3,3,no,Snippet 2 - wrong ,"Snippet 2 is correct, as another list is created with the same size as the given input list and then is is replacing all negative numbers in a list with the value 0. All positive numbers and 0 remain unchanged",213.43,4,4,4,no,yes - wrong,,208.86,3,3,3,no,The code is somewhat efficient I would say. Using a binary search algorithm would be the best solution to find the largest difference among the given list´s members.,133.62,3,3,3,no,"Using the try and except, better handling of negative difference, and using binary search algorithm",64.11,3,4,3,no,,1,0,
17,3,2,3,"Java, Javascript",,,3.03,0,0,0,no,,,6.39,0,0,0,no,,,6.67,0,0,0,no,,,139.65,3,2,1,no,,,5.36,0,0,0,no,,,4.2,0,0,0,no,find_smallest_difference,"To me it´s not very clear, but I tried it with a few examples. It always boiled down to the minimal difference at some point.",731.44,4,3,3,no,a) - wrong,"A value of 0 subtracted from any number gives the number itself, so the input v = [1,0,18] stalls into an infinite loop",156.94,4,4,4,no,,,4.04,0,0,0,no,no - correct ,"With the calculation negative differences are possible. Since the code has just to find the absolute difference, negative values should be projected into the positive numbers.",278.86,4,4,4,no,"The efficiency could be better since like provided in task 2.1 negative outcomes aren´t treated. The readability is okay to good, but it could be better. The for-loop in lines 8f doesn´t seem to have any effect on the result, so a comment would be good here.",213.64,4,4,4,no,It may be better to delete the unuseful code lines (8f probably). Also a comment here and there could reduce the time to understand the code.,105.16,4,4,4,no,"At task 3 I think there seemed to be a mistake. The code started with the third value of the array, which should have provided ""AC"", but all answers started with ""B"". I may have understood the code incorrectly. Overall it seemed like it was too few time.",3,1,
18,3,4,3,"C,C++",,,2.12,4,3,2,no,,,3.3,3,4,2,no,,,2.92,3,3,2,no,b) wrong,,121.41,3,3,3,no,,,3.08,1,3,1,no,,,2.55,3,3,3,no,Print 1 in every position,While subtracting from 1st and last position and incrementing it prints until number is same in each position.,767.77,3,3,3,no,b) - correct ,"When it come to 0, 0 is &lt; than 1 and it goes to repeatedly and will get and get isnto endless loop.",464.64,3,4,4,no,,,3.01,3,3,2,no,no - correct ,i is not initialized,239.9,3,3,3,no,Readability and efficiency is clear and good,38.26,4,3,3,no,Add comments so the steps can be clear and easy understandable.,61.21,3,3,3,no,,3,1,
19,3,3,4,C Programming,,,4.03,1,1,1,no,c) - wrong,,5.14,0,1,1,no,,,46.39,0,0,0,no,,,9.47,3,3,4,yes,,,4.32,1,3,2,no,,,4.11,1,1,1,no,Unit list making,Good method for making a list of all ones whatever the input is given,701.8,4,4,3,no,a) & b) & c) - wrong,I don`t see issues,500.71,3,2,3,I couldn´t fine any issues in that,,,3.46,0,0,0,no,no - correct ,I didn´t get time to complete it. Sorry,259,3,2,1,Might be my technical skills doesn´t meet well for this problem level,I think it is less efficient because I think we can write this code in simple way,65.53,3,3,3,yes,,17.09,3,3,2,no,no,1,0,
20,2,2,2,"C, embedded C, C++",,,3,0,0,0,no,,,5.01,0,0,0,no,,,4.28,0,0,0,no,,,2.83,0,0,0,no,,,4.13,0,0,0,no,,,15.25,0,0,0,no,Dont know,,407.34,0,0,0,no,,,16.99,0,0,0,no,,,3.53,0,0,0,no,,,53.56,0,0,0,no,,2.63,0,0,0,no,,2.99,0,0,0,no,,0,0,
21,3,3,3,"Javascript, php",a) - correct ,In the code we can understand that the if-else loop is used to seperate the the items in the list based on them being even or odd and they the the value under the array are subjected to calculation and at the end the modified value are outputed,357.67,3,3,3,no,a) - wrong,"Division by zero is undefined, preventing subsequent loop and conditional executions.",152.46,3,3,3,no,1 - wrong,,67.33,3,3,3,no,b) - wrong,,169.66,3,3,3,no,B A C D - wrong,,89.43,3,3,3,no,b) - wrong,,38.71,3,3,3,no,,,14.15,3,3,3,no,,,3.16,3,3,3,no,,The snippet 1 is the correct solution because it checks whether the number are less then 0 and if they are it replaces that number with 0,224.5,3,3,3,no,yes - wrong,,55.95,3,3,3,no,The format of the code is systematic and easily readable making it efficient too,70.84,3,3,3,no,I don´t have any points in improving the readability of the code,125.21,3,3,3,no,,1,1,
22,4,3,4,"C++, Matlab, R ",b) - wrong,"The code creates a new list where even-indexed elements are doubled and odd-indexed elements are decreased by one, and then calculates and returns the sum of this new list",473.66,3,3,3,no,b) - correct,"If data_input is emtpy, len(data) is 0. result = [0] * len(data) creates an empty list result. The subsequent loops do not execute as the range of i is empty. Finally, final_value remains 0, and the function returns 0.",182.61,3,3,3,no,1 - wrong,,49.94,3,3,3,no,b) - wrong,,8.4,3,3,3,no,A C B D - wrong,,55.57,3,3,3,no,,,2.56,3,3,3,no,,,3.09,3,3,1,no,,,2.71,3,3,1,no,Snippet 1,This snippet 1 is correctly iterates through the list and replaces any negative number with 0 while leaving other values unchanged,191.79,3,3,3,no,no - correct ,unnecessary inner loop and incorrect handling of negativ differences,364.42,3,3,3,no,The code is inefficient due to the unecessary inner loop and early return. The readability is also compromised by the unclear logic and inconsistent naming,86.03,3,3,3,no,Remove unecessary variables. Clearer handling of negative difference,155.35,3,3,3,no,,5,2,
23,3,2,3,"C++, Java, C#",a) & b) - wrong,Because of the Mod Operation first it check wheather the number is Odd or Even and then if the number is Odd. It reduces the number of 1 and for even number it doubles the number.,277.59,3,2,4,no,a) - wrong,,57.65,4,2,4,no,2 - correct,,202.54,3,2,2,no,c) - wrong ,,138.46,4,2,3,no,B D A C - wrong,,101.07,3,2,2,no,,,56.88,4,3,4,no,,,3.67,0,0,0,no,,,2.3,0,0,0,no,,"I think the second code 
Snippet will replace all the -ve numbers to 0. Because of the if else loop whether the numer is positive or negative the else part will take care of +ve number where as the if part will take care of -ve numbers",222.98,4,3,4,no,yes - wrong,"Yes, it does fulfill the function since we are using two for loops",206.2,4,2,4,no,The code is clear and readable because of proper indentation between the loops,71.59,4,3,4,no,For the if and elif loop we can change the indentation part to make it more readable,109.5,4,3,4,no,,1,0,
24,3,3,3,"Java, C++, Javascript",c) - wrong,The code is returing the sum of the list and the other two options says the list is returned.,402.95,3,3,3,no,b) - correct,,389.9,2,2,2,difficulty with options,2 - correct,In first flow chart the the number is doubled if it is odd indexed with is not in accordance with the code,122.7,3,3,3,no,,,165.27,3,3,3,no,,,6.44,3,3,3,no,,,5.28,3,3,3,no ,list,,272.05,2,2,2,Question was not clear,b) - correct,,54.22,3,3,3,no,Snippet 1 - wrong,It checks whether the number is lessthan zero and if so it replaces the number with zero. In the second option the number is multiplied with 0 which is not expected output. In third question if the number is greaterthan 0. 1 is added to it which is not the expected output in the question.,216.72,4,4,4,no,,,4.37,3,3,3,no,,3.27,3,3,3,no,,3.29,3,3,3,no,no,3,1,
25,3,2,2,"Java, C, Javascript",a) & c) - wrong,"it doesn´t create a new list, it modifies the list mulitplying the even indices by 2 and odd one subtracts 1 from it. Then finally returns the sum.",418.74,3,2,3,no,b) - correct,"the default integer value maybe is 0 in python. So if the input list is empty, through it should runs and returns the default value 0.",220.99,3,2,3,no,2 - correct,Flowchart 1 has criteria in the flowchart that is i%2 == 0 if it is false then multiply 2 with data which is incorrect. Flowchart 1 matches with the above code snippets. ,372.98,3,2,3,no,a) - correct ,,143.12,3,2,2,no,B A D C - wrong,,50.85,3,2,2,no,,,30.86,2,2,2,no,,,107.44,2,2,3,no,,,50.82,3,2,2,no,Snippet 1 & Snippet 2 - correct ,The function should replace all negative numbers in a list with the value 0 and All positive numbers and 0 remain unchanged so 1st and 2nd ones are matched with those conditions.,299.54,3,2,3,no,no -correct ,,6.96,3,2,2,no,,5.27,2,2,2,no,,3,2,3,2,no,,5,1,
26,2,2,2,,c) - wrong,"Here, first it multiplies the even number elements by 2. Even number is specified by i%2 == 0. and then subtracting 1 from odd numbers",332.1,3,3,3,no,a) - wrong,there is no semicolon after print statement,253.63,3,3,3,no,2 - correct,"In the code (i%2 == 0), if it is yes then, it should be result[i] = data[i]*2. Whereas in the first flowchart, it is if yes then - &gt; result[i] = data [i]-1",160.17,3,3,4,no,b) - wrong,"Here, it the length is odd so B will showcase and then C and then same steps will follow",287.71,3,3,3,no,,,6.32,0,0,0,no,,,4.94,0,0,0,no,,,133.02,3,3,3,no,b) -correct,,253.46,3,3,3,no,,,149.44,3,3,3,no,,,5.42,0,0,0,no,,2.75,0,0,0,no,The code can be improved by removing the redundant inner loop and using abs() to calculate the absolute difference between consecutive numbers. This enhances readability and maintains the same time and space complexity.,3.96,0,0,0,no,,3,1,
27,3,2,1,"JavaScript, PHP, Java",a) - correct ,"The code iterates through the input list. For even-indexed elements, it doubles the value. For odd-indexed elements, it subtracts 1. Finally, it sums all the modified elements and returns the result. The other options are incorrect because they either create a new list or modify the input list directly.",75.11,2,3,3,the problem was to determine the function of the given Python code,b) - correct,"If the input list is empty, for the loop in process_data won´t execute. This results in an empty result list. The subsequent loop to sum result values adds nothing to final_value, which remains 0.",148.01,3,3,3,no,1 - wrong,"Flowchart 1 correctly depicts the conditional logic within the loop. It branches based on whether the current index i is even or odd, leading to different calculations for the corresponding result value. Flowchart 2 misses this crucial conditional check, implying that all alements are mulitplied by 2, which is incorrect.",188.03,3,3,3,no,b) - wrong,"The code iterates through the bumbers list. For each number, it checks if the number is divisible by 2 (even). If even, it appends ""B"" to the result string; otherwise, it appends ""A"". After processing all numbers, it appends ""C"" and returns the result string. Therefore, for the given input [4,7,2,5,8,4,9], the output",76.78,3,3,3,no,B A D C - wrong,"The code generates a string by iterating through the input list. For each number, if it´s even, ""B"" is appended, otherwise ""A"" is appended. Finally ""C"" is appended to the string. By analyzing the inputs and the corresponding outputs, we can see that the above pairings correctly reflect the code´s logic.",133.95,3,3,3,no,b) & c) - wrong,,7.53,3,2,3,no,,,3.32,3,2,3,no,c) - wrong ,"This input will lead to an infinite loop. The while condition i &lt; j will always be true because i and j are never updated whitin the loop. The if and elif conditions don´t modify i or j, and the else block only increments i. This results in an infinite loop where i keeps incrementing without chaning the loop condition.",47.42,3,2,3,no,,,2.91,3,3,3,no,no - correct ,"They either don´t consider the absolute difference, leading to incorrect results for decreasing sequences, or they have incorrect logic in their calculations.",287.54,4,3,4,no,The code is reasonably efficient with a time complexity of O(n) and good space complexity. The readability could be improved by removing the redundant inner loop.,162.71,3,3,2,no,,87.95,3,3,3,no,time is too short to ans,4,3,
28,4,3,2,Javascript and Apex (Salesforce),c) - wrong,"The code creates a new list, modifies ist elements based on the input lists even/odd indices (doubling even, subtracting 1 from odd), and then returns the sum of that new list, not the list itself or a modification of the orifinal input list.",123,4,3,4,no,b) - correct,"When data is empty, len(data) is 0. This results in an empty result list and causes both for loops to be skipped. Consequently, final_valu remains at ist initial value of 0, which is then returned by the function.",329.39,3,4,4,no,2 - correct,"Flowchart 2 perfectly represents the given Python code. All the steps, conditions, and calculations are correctly translated into the flowchart.",283.62,3,3,2,no,a) - correct ,,190.32,3,4,3,no,B C A D - wrong,,77.55,3,3,4,no,c) & d) - correct,,66.72,3,3,3,no,"The functions returns [1,1,1,1]","The code repeatedly subtracts the smaller of the elements at indices i and j from the larger one, moving inwards from both ends of the list until the indices meet.",61.77,3,3,2,no,a) & b) & c) - wrong,,105.45,3,3,3,no,,"Snippet 1 iterates through the input 
list lst. If an element lst[i] is less than 0 (i.e. negative), it directly replaces that element with 0. Positive numbers and 0 are not affected. Snippet 2 incorrectly creates a new list result instead of modifying the original list in place, and also initialize result incorrectly. Snippet 3 incorrectly increments positive numbers instead of leaving them unchanged. ",35.44,3,3,3,no,no - correct ,"The original code adds 1 to the difference between numbers and makes incorrect comparisons, so it doesn´t correctly find the largest difference.",353.99,3,2,2,I never use Python thats why ist difficult for me to understand ,"The original code is hard to read because it uses bad names for things, has extra unnecessary steps, and ist logic is confusing.",159.46,3,3,2,no,Descriptive Name &amp, Removed Unnecessary Loop and error handling.,104.51,3,3,3,no,"For me, it´s overall very challenging because I don´t know Python. I think for testing, you should provide code examples in mulitple programming languages. This way, if a user knows JavaScript, they can select JavaScript-specific questions. ",9,1
29,1,1,1,Java,a) & c) - wrong,"The code creates a list result that is filled with zeros and has the same length as the input data. Then, iterating through the data, it modifies the outcome by subtracting 1 from elements at odd indices (data[i] -1) and doubling elements at even indices (data[i]*2). In order to illustrate the actions above, it finally adds up all of the result´s components and returns this total.",177.21,3,3,3,no,b) - correct,"The function will return 0 if the input list data_input is empty. Justification: len(data) equals 0 when data is empty. An empty list result is produced by the line result = [0] * len(data). Because range(0) yields an empty sequence, the first for loop for i in range(len(data)) will not run. As a result, final_value is returned with its starting value 0.",64.57,3,3,2,no,2 - correct,Because in flowchart 1 the if else condition is wrong. ,116.07,3,3,3,no,a) - correct ,,445.93,2,2,2,no,A D C B - wrong,,33.58,2,2,2,no,c) - wrong,,44.53,2,3,2,no,,,4.38,2,2,2,no,a) - wrong,,6.35,2,2,2,no,Snippet 2 wrong,,8.24,2,2,1,no,no - correct ,"Due to the flawed logic, the code will return the largest absolute difference if all differences are positive.",366.88,3,2,3,no,"In terms of sufficiency, the code is not bad in terms of time complexity, but it has unnecessary operations that could be removed to make it a bit more efficient. 
The code has several issues that negatively impact readability.",130.61,3,2,2,no,"Because of ist faulty logic and redundant inner loop, the offered Python code wrongly updates the maximum even when there are negative variances between consecutive list entries. If all are positive, the function returns the largest absolute difference; otherwise it returns the highest negative difference.",198.29,3,3,3,no,,5,2,
30,4,4,4,,b) & c) - wrong ,,21.37,4,4,4,no,c) - wrong,,8.47,4,4,4,no,2 - correct,,9.85,4,4,4,no,b) - wrong,,6.01,4,4,4,no,,,20.9,4,4,4,no,d) - wrong,,6.69,4,4,4,no,,,6.19,4,4,4,no,,,6.66,4,4,4,no,,,3.8,4,4,4,no,yes - wrong,,7.61,4,4,4,no,,3.59,4,4,4,no,,3.14,4,4,4,no,,1,0,
31,2,3,3,java,a) & b) & c) - wrong,,7.32,4,4,4,time,b) - correct,,6.91,4,4,4,time,2 - correct,,10.84,4,4,4,time,a) - correct ,"The code defines a function that iterates through a list of numbers. For each number, it checks if it´s even, appends ""A"" if even, ""B"" if odd, and always appends ""C"". The output for the given input list is ""BCACBCBCAC""",315.79,3,3,4,no,C A B D - wrong,,227,3,2,3,no,c) & d) - correct,"The code defines a function generate_string that iterates through a list of numbers, starting from the second element. For each even number, it appends ""A"" to the result string, and for each odd number, it appends ""B"". After each check, it appends ""C"". If the list has fewer than three elements, the loop doesn´t execute, and an empty string is returned.",129.74,3,3,3,no,This name concisely captures the core functionality of the code,,97.4,4,3,4,no,b) - correct,,35.18,4,4,4,no,Snippet 1 & Snippet 2 - correct ,those have negative number value replace with positive,90.9,3,4,4,no,no - correct ,"They either use faulty reasoning in their computations or fail to account for the absolute difference, which produces inaccurate findings for decreasing sequences.",478.9,4,2,3,no,"it was clear and simple task to perform, the efficiency and the readability of the code was okay.",128.07,4,3,4,no,Eliminate the inner loop (for j in range(1),) as it is useless in the present implementation.,135.66,3,2,4,no,time is short to answer all the questions,8,1
32,3,3,2,C++,a) - correct ,,10.74,3,2,1,time,b) - correct,,7.23,3,2,1,time,,,4.1,3,2,1,time,c) - wrong ,if the number is even concat BC and other AC it runs 6 times.,421.46,3,2,3,no,B A C D - wrong,number should start even ,115.66,3,2,2,no,c) - wrong,list start at 0 but we start at 1 in loop,56,3,2,1,no,,,21.51,3,2,1,time difficulty,b) - correct,,15.15,3,2,1,time,Snippet 3 - wrong,,97.64,3,2,1,time shortage,no - correct ,this function here i has no value to starting the loop. The loop will no run properly and here an error fix.,420.39,3,2,3,no,"The readability of this code is enough good and more readable. The alignement of the code is the correct format. Efficiency is not good because of the i is not properly declared, the starting of i is missing:
 initialize i properly",239.76,3,2,3,no,"readability is okay for this code but need some improvement for efficiency. In outer loop has a inner loop and it runs one time. Here is no need to write loop. I f i use one operation, there is no need to loop.",182.92,3,2,3,no,,5,0,
33,3,3,3,"C, java",,,10.55,2,3,2,no,,,4.8,2,2,2,no,,,6.82,2,2,3,no,c) - wrong ,From if condition first it will print B then c. Then it will print A then c. Then B and C then A and C.like this the answer would be BCACBCACBC ,455.35,3,4,3,no,B C A D - wrong,Using the input and output. Which one gets with which one ,321.31,3,3,3,no,b) - wrong,As it was added in the in the while loop. It counts everytime,77.14,3,3,3,no,,,16.24,3,3,2,no,,,2.6,2,2,2,no,,,28.96,3,2,2,no,no - correct ,,218.28,4,2,3,no,Readability of the code is fine but the code is not efficient.,398.99,3,3,3,no,We can remove the loop for j ,215.81,4,3,3,no,,2,0,
34,3,3,3,C,a) & b) - wrong,,58.04,3,3,3,no,a) & b) - wrong,,8.19,3,3,3,no,1- wrong,,7.26,3,3,3,no,b) - wrong,3<3,500.65,3,3,3,no,A C D B - wrong,,76.83,3,3,3,no,b) & c) - wrong,,39.54,3,3,3,no,sorting ,sorting it from ascending to descending,127.29,3,3,3,no,b) - correct,,24.28,3,3,3,no,Snippet 1 & Snippet 2 - correct,,146.96,3,3,3,no,yes - wrong,,259.98,3,3,3,no,It was nicely readable,36.61,3,3,3,no,Initialisation could be dosplayed first and could be called to the function later,52.72,3,3,3,no,nope,2,0,
35,4,3,3,"C, SAP ABAP, MATLAB",b) - wrong,"We are already passing a list to the function, however the function again creates a new list of the same length and modifies it.",,3,3,3,no,b) - correct,"Since the variable final_value adds the elements in the result list. If there is 0 already present in the result list, which is the case ?here it returns 0",,3,3,3,no,2 - correct,The second flowchart is correct because it multiplies the numbers in even positions by 2 and subtracts the ones in odd positions by 1. ,,4,4,4,no,a) - correct ,"The function checks the values in the list and then, if it is an odd number, returns ""A"", or if it is an even number, adds ""B"" to the string. A string value of ""C"" is added after each. And, the value is read from the 3rd element of the list.",,4,4,4,no,D C A B - correct,"The same as the last one, this checks the elements from 3rd position. Then, adds ""A"" for odd number, ""B"" für even number with a C.",,4,4,3,no,,"Since indexing starts from 0, and we increement i, at the start of the function, only elements from the 3rd position are processed.",,3,3,3,no,,,,,,,,,,,,,,,,,,,,,,,,,,,,,,,,,,,,,,,,,,4,4,
36,3,2,2,C programming. But I need to brush up the skills because I lost touch to programming in C.,c) - wrong,It is clear that this is multiplying even indices by 2 and subtracting odd ones with 1. Then final values are modified by adding them in to it. ,,4,3,4,Maybe going through python basics could have helped better. It´s been a while using any programming language. ,a) - wrong,,,3,2,4,yes,2 - correct,"flowchart 2 is correct because i % 2 == 0, if yes it is leading to multiply input * 2 correctly unlike flowchart 1",,4,4,4,no,c) - wrong ,"BCACBCACBC would be correct in my opinion, because if number is even, it gives B and C, when number is odd, it gives A & C and output.",,3,3,4,no,,,,1,2,1,yes,a) - wrong,,,3,3,1,yes,,,,,,,,,,,,,,,,,,,,,,,,,,,,,,,,,,,,,,,,,,1,0,
,2.81,2.69,2.58,,,,,3.16,2.78,2.97,,,,,"~ 3,1","~ 3,03","~ 2,84",,,,,"~ 3,03","~ 2,88","~ 2,84",,,,,"~ 3,09","~ 2,94","~ 3,03",,,,,"~ 2,53","~ 2,45","~ 2,32",,,,,"~ 2,87","~ 2,77","~ 2,6",,,,,"~ 2,79","~ 2,64","~ 2,61",,,,,~ 3,"~ 2,79","~ 2,79",,,  ,,"~ 3,04","~ 2,86","~ 2,69",,,,,"~ 3,04","~ 2,57","~ 2,68",,,,"~ 3,04","~ 2,81","~ 2,70",,,,"~ 3,04","~ 2,70","~ 2,63",,,,,
